"Path","LineNumber","Line"
"C:\Users\sduqu\study\sena\competencias\Proyecto\frontend_repository\src\components\export\ExportSettingsModal.tsx","388","                  <span className=""text-gray-400"">{progress.message}</span>"
"C:\Users\sduqu\study\sena\competencias\Proyecto\frontend_repository\src\components\LoginModal.tsx","60","      setError(validation.message ?? ""Validation failed"");"
"C:\Users\sduqu\study\sena\competencias\Proyecto\frontend_repository\src\components\LoginModal.tsx","73","          ? err.message"
"C:\Users\sduqu\study\sena\competencias\Proyecto\frontend_repository\src\components\ui\AlertCard.tsx","273","          message={alert.message}"
"C:\Users\sduqu\study\sena\competencias\Proyecto\frontend_repository\src\components\ui\ErrorDisplay.tsx","26","      <p className=""text-red-400 mb-4 leading-relaxed"">{normalizedError.message}</p>"
"C:\Users\sduqu\study\sena\competencias\Proyecto\frontend_repository\src\components\ui\LinkedEntity.tsx","229","      setFetchError(err instanceof Error ? err.message : ""Failed to load entity"");"
"C:\Users\sduqu\study\sena\competencias\Proyecto\frontend_repository\src\hooks\useAlertModal.tsx","64","      message={alert.message}"
"C:\Users\sduqu\study\sena\competencias\Proyecto\frontend_repository\src\hooks\useConfirmModal.tsx","90","        message={state.message}"
"C:\Users\sduqu\study\sena\competencias\Proyecto\frontend_repository\src\hooks\useLogout.ts","22","      const message = err instanceof ApiError ? err.message : ""Error logging out"";"
"C:\Users\sduqu\study\sena\competencias\Proyecto\frontend_repository\src\modules\app\components\InvoiceDetailModal.tsx","71","        const message = err instanceof Error ? err.message : ""Failed to fetch invoice details"";"
"C:\Users\sduqu\study\sena\competencias\Proyecto\frontend_repository\src\modules\app\components\PaymentRecordingModal.tsx","87","      const message = err instanceof Error ? err.message : ""Failed to record payment"";"
"C:\Users\sduqu\study\sena\competencias\Proyecto\frontend_repository\src\modules\app\components\Sidebar.tsx","138","      const message = error instanceof ApiError ? error.message : t(""common.loggingOut"");"
"C:\Users\sduqu\study\sena\competencias\Proyecto\frontend_repository\src\modules\app\components\VoidInvoiceModal.tsx","59","      const message = err instanceof Error ? err.message : ""Failed to void invoice"";"
"C:\Users\sduqu\study\sena\competencias\Proyecto\frontend_repository\src\modules\app\hooks\useDashboardStats.ts","62","      setError(err instanceof Error ? err.message : ""Failed to load dashboard data"");"
"C:\Users\sduqu\study\sena\competencias\Proyecto\frontend_repository\src\modules\app\hooks\useInvoices.ts","39","      const message = err instanceof Error ? err.message : ""Failed to fetch invoices"";"
"C:\Users\sduqu\study\sena\competencias\Proyecto\frontend_repository\src\modules\app\hooks\useInvoices.ts","62","      throw new Error(response.message || ""Failed to record payment"");"
"C:\Users\sduqu\study\sena\competencias\Proyecto\frontend_repository\src\modules\app\hooks\useInvoices.ts","77","      throw new Error(response.message || ""Failed to void invoice"");"
"C:\Users\sduqu\study\sena\competencias\Proyecto\frontend_repository\src\modules\app\modules\catalog-overview\pages\CatalogOverview.tsx","124","        error={error?.message ?? t(""catalogOverview.errorLoad"")}"
"C:\Users\sduqu\study\sena\competencias\Proyecto\frontend_repository\src\modules\app\modules\incidents\components\CreateIncidentModal.tsx","196","      const msg = err instanceof Error ? err.message : String(err);"
"C:\Users\sduqu\study\sena\competencias\Proyecto\frontend_repository\src\modules\app\modules\incidents\components\IncidentDetailModal.tsx","56","      setActionError(err instanceof Error ? err.message : String(err));"
"C:\Users\sduqu\study\sena\competencias\Proyecto\frontend_repository\src\modules\app\modules\incidents\hooks\useIncidents.ts","38","      setError((err as Error).message || ""Failed to fetch incidents"");"
"C:\Users\sduqu\study\sena\competencias\Proyecto\frontend_repository\src\modules\app\modules\incidents\hooks\useIncidents.ts","54","    throw new Error(response.message || ""Failed to create incident"");"
"C:\Users\sduqu\study\sena\competencias\Proyecto\frontend_repository\src\modules\app\modules\incidents\hooks\useIncidents.ts","63","    throw new Error(response.message || ""Failed to acknowledge incident"");"
"C:\Users\sduqu\study\sena\competencias\Proyecto\frontend_repository\src\modules\app\modules\incidents\hooks\useIncidents.ts","72","    throw new Error(response.message || ""Failed to resolve incident"");"
"C:\Users\sduqu\study\sena\competencias\Proyecto\frontend_repository\src\modules\app\modules\incidents\hooks\useIncidents.ts","81","    throw new Error(response.message || ""Failed to dismiss incident"");"
"C:\Users\sduqu\study\sena\competencias\Proyecto\frontend_repository\src\modules\app\modules\inspections\components\InspectionFormModal.tsx","76","      setError((err as Error).message || ""Failed to save inspection"");"
"C:\Users\sduqu\study\sena\competencias\Proyecto\frontend_repository\src\modules\app\modules\inspections\hooks\useInspections.ts","32","      setError((err as Error).message || ""Failed to fetch data"");"
"C:\Users\sduqu\study\sena\competencias\Proyecto\frontend_repository\src\modules\app\modules\inspections\hooks\useInspections.ts","49","    throw new Error(response.message || ""Failed to save inspection"");"
"C:\Users\sduqu\study\sena\competencias\Proyecto\frontend_repository\src\modules\app\modules\maintenance\hooks\useMaintenanceBatches.ts","67","        error: (err as Error).message || ""Failed to fetch batches"","
"C:\Users\sduqu\study\sena\competencias\Proyecto\frontend_repository\src\modules\app\modules\maintenance\hooks\useMaintenanceBatches.ts","85","        error: (err as Error).message || ""Failed to fetch batch detail"","
"C:\Users\sduqu\study\sena\competencias\Proyecto\frontend_repository\src\modules\app\modules\maintenance\pages\BatchRepairView.tsx","51","      setError((err as Error).message);"
"C:\Users\sduqu\study\sena\competencias\Proyecto\frontend_repository\src\modules\app\modules\maintenance\pages\BatchRepairView.tsx","73","      showToast(""error"", error.message || t(""maintenance.resolveError""), t(""common.error""));"
"C:\Users\sduqu\study\sena\competencias\Proyecto\frontend_repository\src\modules\app\modules\maintenance\pages\MaintenanceCatalog.tsx","95","      showToast(""error"", error.message || t(""maintenance.startError""), t(""common.error""));"
"C:\Users\sduqu\study\sena\competencias\Proyecto\frontend_repository\src\modules\app\modules\maintenance\pages\MaintenanceCatalog.tsx","105","      showToast(""error"", error.message || t(""maintenance.cancelError""), t(""common.error""));"
"C:\Users\sduqu\study\sena\competencias\Proyecto\frontend_repository\src\modules\app\modules\maintenance\pages\MaintenanceCatalog.tsx","117","      showToast(""error"", error.message || t(""maintenance.addItemsError""), t(""common.error""));"
"C:\Users\sduqu\study\sena\competencias\Proyecto\frontend_repository\src\modules\app\modules\maintenance\pages\MaintenanceCatalog.tsx","128","      showToast(""error"", error.message || t(""maintenance.removeItemError""), t(""common.error""));"
"C:\Users\sduqu\study\sena\competencias\Proyecto\frontend_repository\src\modules\app\modules\maintenance\pages\MaintenanceCatalog.tsx","143","      showToast(""error"", error.message || t(""maintenance.resolveError""), t(""common.error""));"
"C:\Users\sduqu\study\sena\competencias\Proyecto\frontend_repository\src\modules\app\modules\maintenance\pages\MaintenanceCatalog.tsx","300","            showToast(""error"", error.message || t(""maintenance.createError""), t(""common.error""));"
"C:\Users\sduqu\study\sena\competencias\Proyecto\frontend_repository\src\modules\app\modules\maintenance\pages\MaintenanceCatalog.tsx","322","              showToast(""error"", error.message || t(""maintenance.updateError""), t(""common.error""));"
"C:\Users\sduqu\study\sena\competencias\Proyecto\frontend_repository\src\modules\app\modules\material-attributes\components\AttributeForm.tsx","72","        error instanceof Error ? error.message : ""Error saving material attribute"";"
"C:\Users\sduqu\study\sena\competencias\Proyecto\frontend_repository\src\modules\app\modules\material-attributes\components\OrphanedAttributesAudit.tsx","43","      const errorMessage = err instanceof Error ? err.message : ""Error fetching orphaned values"";"
"C:\Users\sduqu\study\sena\competencias\Proyecto\frontend_repository\src\modules\app\modules\material-attributes\components\OrphanedAttributesAudit.tsx","210","                    {item.message}"
"C:\Users\sduqu\study\sena\competencias\Proyecto\frontend_repository\src\modules\app\modules\material-attributes\hooks\useMaterialAttributes.ts","27","      setError(error.message || ""Error fetching material attributes"");"
"C:\Users\sduqu\study\sena\competencias\Proyecto\frontend_repository\src\modules\app\modules\material-categories\components\CategoryForm.tsx","59","        errors.name = validation.message ?? ""Invalid category name"";"
"C:\Users\sduqu\study\sena\competencias\Proyecto\frontend_repository\src\modules\app\modules\material-categories\components\CategoryForm.tsx","66","        errors.description = validation.message ?? ""Invalid description"";"
"C:\Users\sduqu\study\sena\competencias\Proyecto\frontend_repository\src\modules\app\modules\material-categories\components\CategoryForm.tsx","133","      showToast(""error"", err.message || t(""materialCategories.toast.saveError""));"
"C:\Users\sduqu\study\sena\competencias\Proyecto\frontend_repository\src\modules\app\modules\material-categories\hooks\useCategories.ts","23","      setError(error.message || ""Error fetching categories"");"
"C:\Users\sduqu\study\sena\competencias\Proyecto\frontend_repository\src\modules\app\modules\material-categories\pages\CategoryCatalog.tsx","92","                err.message || t(""materialCategories.toast.deleteError""),"
"C:\Users\sduqu\study\sena\competencias\Proyecto\frontend_repository\src\modules\app\modules\material-categories\pages\CategoryCatalog.tsx","160","        err.message || t(""materialCategories.toast.importError""),"
"C:\Users\sduqu\study\sena\competencias\Proyecto\frontend_repository\src\modules\app\modules\material-categories\pages\CreateCategory.tsx","32","      showToast(""error"", err.message || t(""materialCategories.toast.saveError""));"
"C:\Users\sduqu\study\sena\competencias\Proyecto\frontend_repository\src\modules\app\modules\material-instances\components\MaterialInstanceForm.tsx","162","      showToast(""error"", error instanceof Error ? error.message : ""Error saving material instance"");"
"C:\Users\sduqu\study\sena\competencias\Proyecto\frontend_repository\src\modules\app\modules\material-instances\hooks\useMaterialInstances.ts","29","      setError(error.message || ""Error fetching material instances"");"
"C:\Users\sduqu\study\sena\competencias\Proyecto\frontend_repository\src\modules\app\modules\material-instances\pages\MaterialInstanceCatalog.tsx","144","                error instanceof Error ? error.message : t(""materialInstances.toast.deleteError""),"
"C:\Users\sduqu\study\sena\competencias\Proyecto\frontend_repository\src\modules\app\modules\material-instances\pages\MaterialInstanceCatalog.tsx","167","        error instanceof Error ? error.message : t(""materialInstances.toast.saveError""),"
"C:\Users\sduqu\study\sena\competencias\Proyecto\frontend_repository\src\modules\app\modules\material-instances\pages\MaterialInstanceCatalog.tsx","254","        error instanceof Error ? error.message : t(""materialInstances.toast.importError""),"
"C:\Users\sduqu\study\sena\competencias\Proyecto\frontend_repository\src\modules\app\modules\material-instances\pages\MaterialInstanceCatalog.tsx","364","          ? statusError.message"
"C:\Users\sduqu\study\sena\competencias\Proyecto\frontend_repository\src\modules\app\modules\material-types\components\MaterialTypeForm.tsx","168","      const message = error instanceof Error ? error.message : ""Failed to create category"";"
"C:\Users\sduqu\study\sena\competencias\Proyecto\frontend_repository\src\modules\app\modules\material-types\components\MaterialTypeForm.tsx","221","        err.details?.errors?.[0]?.message || err.message || ""Error saving material type"";"
"C:\Users\sduqu\study\sena\competencias\Proyecto\frontend_repository\src\modules\app\modules\material-types\components\MaterialTypeForm.tsx","236","      showToast(""error"", (err as Error).message || ""Failed to create attribute"");"
"C:\Users\sduqu\study\sena\competencias\Proyecto\frontend_repository\src\modules\app\modules\material-types\hooks\useMaterialTypes.ts","27","      setError(error.message || ""Error fetching material types"");"
"C:\Users\sduqu\study\sena\competencias\Proyecto\frontend_repository\src\modules\app\modules\material-types\pages\CreateMaterialType.tsx","33","      showToast(""error"", err.message || ""Error saving material type"");"
"C:\Users\sduqu\study\sena\competencias\Proyecto\frontend_repository\src\modules\app\modules\material-types\pages\MaterialTypeCatalog.tsx","101","      showToast(""error"", error.message || t(""materialTypes.toast.saveError""), t(""common.error""));"
"C:\Users\sduqu\study\sena\competencias\Proyecto\frontend_repository\src\modules\app\modules\material-types\pages\MaterialTypeCatalog.tsx","132","                err.message || t(""materialTypes.toast.deleteError""),"
"C:\Users\sduqu\study\sena\competencias\Proyecto\frontend_repository\src\modules\app\modules\material-types\pages\MaterialTypeCatalog.tsx","188","            reason: itemError instanceof Error ? itemError.message : ""Error creating record"","
"C:\Users\sduqu\study\sena\competencias\Proyecto\frontend_repository\src\modules\app\modules\material-types\pages\MaterialTypeCatalog.tsx","218","        err.message || t(""materialTypes.toast.importError""),"
"C:\Users\sduqu\study\sena\competencias\Proyecto\frontend_repository\src\modules\app\pages\Attributes.tsx","87","      const errorMessage = error instanceof Error ? error.message : ""Error deleting attribute"";"
"C:\Users\sduqu\study\sena\competencias\Proyecto\frontend_repository\src\modules\app\pages\code-schemes\CodeSchemeFormModal.tsx","79","    setNameError(result.isValid ? undefined : result.message);"
"C:\Users\sduqu\study\sena\competencias\Proyecto\frontend_repository\src\modules\app\pages\code-schemes\CodeSchemeFormModal.tsx","85","    setPatternError(result.isValid ? undefined : result.message);"
"C:\Users\sduqu\study\sena\competencias\Proyecto\frontend_repository\src\modules\app\pages\code-schemes\CodeSchemeFormModal.tsx","98","      setPatternError(result.isValid ? undefined : result.message);"
"C:\Users\sduqu\study\sena\competencias\Proyecto\frontend_repository\src\modules\app\pages\code-schemes\CodeSchemeFormModal.tsx","173","      setFormError(err instanceof Error ? err.message : t(""settings.codeSchemes.toast.error""));"
"C:\Users\sduqu\study\sena\competencias\Proyecto\frontend_repository\src\modules\app\pages\code-schemes\CodeSchemes.tsx","133","        err instanceof Error ? err.message : t(""settings.codeSchemes.toast.error""),"
"C:\Users\sduqu\study\sena\competencias\Proyecto\frontend_repository\src\modules\app\pages\code-schemes\CodeSchemes.tsx","153","        err instanceof Error ? err.message : t(""settings.codeSchemes.toast.error""),"
"C:\Users\sduqu\study\sena\competencias\Proyecto\frontend_repository\src\modules\app\pages\code-schemes\CodeSchemes.tsx","175","        err instanceof Error ? err.message : t(""settings.codeSchemes.toast.error""),"
"C:\Users\sduqu\study\sena\competencias\Proyecto\frontend_repository\src\modules\app\pages\code-schemes\CodeSchemes.tsx","279","          {error instanceof Error ? error.message : t(""settings.codeSchemes.toast.error"")}"
"C:\Users\sduqu\study\sena\competencias\Proyecto\frontend_repository\src\modules\app\pages\customers\Customers.tsx","119","    err instanceof ApiError ? err.message : isEs ? fallbackEs : fallbackEn;"
"C:\Users\sduqu\study\sena\competencias\Proyecto\frontend_repository\src\modules\app\pages\customers\Customers.tsx","307","              ? customersError.message"
"C:\Users\sduqu\study\sena\competencias\Proyecto\frontend_repository\src\modules\app\pages\customers\useCustomerForm.ts","315","      if (!fnV.isValid && fnV.message) nextErrors.firstName = fnV.message;"
"C:\Users\sduqu\study\sena\competencias\Proyecto\frontend_repository\src\modules\app\pages\customers\useCustomerForm.ts","318","      if (!lnV.isValid && lnV.message) nextErrors.firstSurname = lnV.message;"
"C:\Users\sduqu\study\sena\competencias\Proyecto\frontend_repository\src\modules\app\pages\customers\useCustomerForm.ts","321","      if (!emailV.isValid && emailV.message) nextErrors.email = emailV.message;"
"C:\Users\sduqu\study\sena\competencias\Proyecto\frontend_repository\src\modules\app\pages\customers\useCustomerForm.ts","326","      if (!phoneV.isValid && phoneV.message) nextErrors.phone = phoneV.message;"
"C:\Users\sduqu\study\sena\competencias\Proyecto\frontend_repository\src\modules\app\pages\customers\useCustomerForm.ts","340","        if (!mainV.isValid && mainV.message) nextErrors.mainNumber = mainV.message;"
"C:\Users\sduqu\study\sena\competencias\Proyecto\frontend_repository\src\modules\app\pages\customers\useCustomerForm.ts","342","        if (!secV.isValid && secV.message) nextErrors.secondaryNumber = secV.message;"
"C:\Users\sduqu\study\sena\competencias\Proyecto\frontend_repository\src\modules\app\pages\customers\useCustomerForm.ts","344","        if (!compV.isValid && compV.message) nextErrors.complementaryNumber = compV.message;"
"C:\Users\sduqu\study\sena\competencias\Proyecto\frontend_repository\src\modules\app\pages\customers\useCustomerForm.ts","348","        if (!stV.isValid && stV.message) nextErrors.stateQuery = stV.message;"
"C:\Users\sduqu\study\sena\competencias\Proyecto\frontend_repository\src\modules\app\pages\customers\useCustomerForm.ts","354","          if (!pcV.isValid && pcV.message) nextErrors.postalCode = pcV.message;"
"C:\Users\sduqu\study\sena\competencias\Proyecto\frontend_repository\src\modules\app\pages\invoices\Invoices.tsx","132","          ? err.message"
"C:\Users\sduqu\study\sena\competencias\Proyecto\frontend_repository\src\modules\app\pages\invoices\Invoices.tsx","157","          ? err.message"
"C:\Users\sduqu\study\sena\competencias\Proyecto\frontend_repository\src\modules\app\pages\locations\LocationCreateModal.tsx","233","        error.message ?? (isEs ? ""Error al crear ubicaci?n"" : ""Error creating location""),"
"C:\Users\sduqu\study\sena\competencias\Proyecto\frontend_repository\src\modules\app\pages\locations\LocationEditModal.tsx","295","        error.message ?? (isEs ? ""Error al actualizar"" : ""Error updating location""),"
"C:\Users\sduqu\study\sena\competencias\Proyecto\frontend_repository\src\modules\app\pages\locations\Locations.tsx","134","      setError((err as Error)?.message ?? ""Error"");"
"C:\Users\sduqu\study\sena\competencias\Proyecto\frontend_repository\src\modules\app\pages\locations\Locations.tsx","182","      showToast(""error"", (err as Error).message ?? ""Error"");"
"C:\Users\sduqu\study\sena\competencias\Proyecto\frontend_repository\src\modules\app\pages\locations\Locations.tsx","228","          showToast(""error"", (err as Error).message ?? ""Export failed"");"
"C:\Users\sduqu\study\sena\competencias\Proyecto\frontend_repository\src\modules\app\pages\locations\Locations.tsx","389","      showToast(""error"", (err as Error).message ?? ""Import failed"");"
"C:\Users\sduqu\study\sena\competencias\Proyecto\frontend_repository\src\modules\app\pages\orders\Orders.tsx","224","          firstFailure.reason instanceof Error ? firstFailure.reason.message : ""Request failed"";"
"C:\Users\sduqu\study\sena\competencias\Proyecto\frontend_repository\src\modules\app\pages\orders\Orders.tsx","232","      const message = error instanceof Error ? error.message : ""Failed to load orders"";"
"C:\Users\sduqu\study\sena\competencias\Proyecto\frontend_repository\src\modules\app\pages\orders\Orders.tsx","283","      const message = error instanceof Error ? error.message : ""Failed to create order"";"
"C:\Users\sduqu\study\sena\competencias\Proyecto\frontend_repository\src\modules\app\pages\orders\Orders.tsx","297","      const message = error instanceof Error ? error.message : ""Failed to approve order"";"
"C:\Users\sduqu\study\sena\competencias\Proyecto\frontend_repository\src\modules\app\pages\orders\Orders.tsx","331","      const message = error instanceof Error ? error.message : ""Failed to reject order"";"
"C:\Users\sduqu\study\sena\competencias\Proyecto\frontend_repository\src\modules\app\pages\orders\Orders.tsx","357","      const rawMessage = error instanceof Error ? error.message : ""Failed to reactivate order"";"
"C:\Users\sduqu\study\sena\competencias\Proyecto\frontend_repository\src\modules\app\pages\orders\Orders.tsx","374","      const message = error instanceof Error ? error.message : ""Failed to start loan"";"
"C:\Users\sduqu\study\sena\competencias\Proyecto\frontend_repository\src\modules\app\pages\orders\Orders.tsx","388","      const message = error instanceof Error ? error.message : ""Failed to complete loan"";"
"C:\Users\sduqu\study\sena\competencias\Proyecto\frontend_repository\src\modules\app\pages\orders\Orders.tsx","413","      const message = error instanceof Error ? error.message : ""Failed to record payment"";"
"C:\Users\sduqu\study\sena\competencias\Proyecto\frontend_repository\src\modules\app\pages\orders\Orders.tsx","438","      const message = error instanceof Error ? error.message : ""Failed to record rental payment"";"
"C:\Users\sduqu\study\sena\competencias\Proyecto\frontend_repository\src\modules\app\pages\orders\Orders.tsx","464","      const message = error instanceof Error ? error.message : ""Failed to ship order"";"
"C:\Users\sduqu\study\sena\competencias\Proyecto\frontend_repository\src\modules\app\pages\payment-methods\PaymentMethodFormModal.tsx","66","        err instanceof Error ? err.message : isEs ? ""Error al crear"" : ""Failed to create"","
"C:\Users\sduqu\study\sena\competencias\Proyecto\frontend_repository\src\modules\app\pages\payment-methods\PaymentMethodFormModal.tsx","97","        err instanceof Error ? err.message : isEs ? ""Error al actualizar"" : ""Failed to update"","
"C:\Users\sduqu\study\sena\competencias\Proyecto\frontend_repository\src\modules\app\pages\payment-methods\PaymentMethods.tsx","43","      setError(err instanceof Error ? err.message : isEs ? ""Error al cargar"" : ""Failed to load"");"
"C:\Users\sduqu\study\sena\competencias\Proyecto\frontend_repository\src\modules\app\pages\payment-methods\PaymentMethods.tsx","75","        err instanceof Error ? err.message : isEs ? ""Error al eliminar"" : ""Failed to delete"","
"C:\Users\sduqu\study\sena\competencias\Proyecto\frontend_repository\src\modules\app\pages\plans\CreatePackageModal.tsx","162","      setError(normalizeError(err).message);"
"C:\Users\sduqu\study\sena\competencias\Proyecto\frontend_repository\src\modules\app\pages\plans\Plans.tsx","62","      const message = err instanceof Error ? err.message : ""Error"";"
"C:\Users\sduqu\study\sena\competencias\Proyecto\frontend_repository\src\modules\app\pages\plans\Plans.tsx","79","      const message = err instanceof Error ? err.message : ""Error"";"
"C:\Users\sduqu\study\sena\competencias\Proyecto\frontend_repository\src\modules\app\pages\plans\Plans.tsx","98","        <p className=""text-red-400 text-sm"">{error.message}</p>"
"C:\Users\sduqu\study\sena\competencias\Proyecto\frontend_repository\src\modules\app\pages\prepare-order-modal\PrepareOrderModal.tsx","84","        err instanceof Error ? err.message : ""Failed to load available materials. Please retry."","
"C:\Users\sduqu\study\sena\competencias\Proyecto\frontend_repository\src\modules\app\pages\prepare-order-modal\PrepareOrderModal.tsx","303","        err instanceof Error ? err.message : ""Failed to prepare order."","
"C:\Users\sduqu\study\sena\competencias\Proyecto\frontend_repository\src\modules\app\pages\prepare-order-modal\PrepareOrderModal.tsx","364","        err instanceof Error ? err.message : ""Failed to create transfer request."","
"C:\Users\sduqu\study\sena\competencias\Proyecto\frontend_repository\src\modules\app\pages\pricing-configs\PricingConfigs.tsx","178","      const message = error instanceof Error ? error.message : t(""pricing.error.failedLoad"");"
"C:\Users\sduqu\study\sena\competencias\Proyecto\frontend_repository\src\modules\app\pages\pricing-configs\PricingConfigs.tsx","256","      const message = error instanceof Error ? error.message : t(""pricing.error.failedSave"");"
"C:\Users\sduqu\study\sena\competencias\Proyecto\frontend_repository\src\modules\app\pages\pricing-configs\PricingConfigs.tsx","278","      const message = error instanceof Error ? error.message : t(""pricing.error.failedDelete"");"
"C:\Users\sduqu\study\sena\competencias\Proyecto\frontend_repository\src\modules\app\pages\pricing-configs\PricingConfigs.tsx","298","      const message = error instanceof Error ? error.message : t(""pricing.error.failedPreview"");"
"C:\Users\sduqu\study\sena\competencias\Proyecto\frontend_repository\src\modules\app\pages\rentals\Rentals.tsx","94","          ? error.message"
"C:\Users\sduqu\study\sena\competencias\Proyecto\frontend_repository\src\modules\app\pages\rentals\Rentals.tsx","154","          ? error.message"
"C:\Users\sduqu\study\sena\competencias\Proyecto\frontend_repository\src\modules\app\pages\rentals\Rentals.tsx","184","          ? error.message"
"C:\Users\sduqu\study\sena\competencias\Proyecto\frontend_repository\src\modules\app\pages\rentals\Rentals.tsx","215","          ? error.message"
"C:\Users\sduqu\study\sena\competencias\Proyecto\frontend_repository\src\modules\app\pages\rentals\Rentals.tsx","245","          ? error.message"
"C:\Users\sduqu\study\sena\competencias\Proyecto\frontend_repository\src\modules\app\pages\reports\Reports.tsx","292","        setError(err.message);"
"C:\Users\sduqu\study\sena\competencias\Proyecto\frontend_repository\src\modules\app\pages\role-management\RoleFormModal.tsx","201","      setFieldError(nameValidation.message ?? ""Invalid role name"");"
"C:\Users\sduqu\study\sena\competencias\Proyecto\frontend_repository\src\modules\app\pages\role-management\RoleFormModal.tsx","232","      setFieldError(normalized.message);"
"C:\Users\sduqu\study\sena\competencias\Proyecto\frontend_repository\src\modules\app\pages\role-management\RoleManagement.tsx","221","      showToast(""error"", normalizeError(err).message, t(""roles.errorTitle""));"
"C:\Users\sduqu\study\sena\competencias\Proyecto\frontend_repository\src\modules\app\pages\settings\Settings.tsx","158","        const message = err instanceof ApiError ? err.message : ""Failed to load organization data"";"
"C:\Users\sduqu\study\sena\competencias\Proyecto\frontend_repository\src\modules\app\pages\settings\Settings.tsx","180","          err instanceof ApiError ? err.message : ""Failed to load organization settings"";"
"C:\Users\sduqu\study\sena\competencias\Proyecto\frontend_repository\src\modules\app\pages\settings\Settings.tsx","197","    if (!firstNameV.isValid) next.firstName = firstNameV.message;"
"C:\Users\sduqu\study\sena\competencias\Proyecto\frontend_repository\src\modules\app\pages\settings\Settings.tsx","200","    if (!firstSurnameV.isValid) next.firstSurname = firstSurnameV.message;"
"C:\Users\sduqu\study\sena\competencias\Proyecto\frontend_repository\src\modules\app\pages\settings\Settings.tsx","203","    if (!emailV.isValid) next.email = emailV.message;"
"C:\Users\sduqu\study\sena\competencias\Proyecto\frontend_repository\src\modules\app\pages\settings\Settings.tsx","207","      if (!phoneV.isValid) next.phone = phoneV.message;"
"C:\Users\sduqu\study\sena\competencias\Proyecto\frontend_repository\src\modules\app\pages\settings\Settings.tsx","220","    if (!orgName.isValid) next.name = orgName.message;"
"C:\Users\sduqu\study\sena\competencias\Proyecto\frontend_repository\src\modules\app\pages\settings\Settings.tsx","223","    if (!legalName.isValid) next.legalName = legalName.message;"
"C:\Users\sduqu\study\sena\competencias\Proyecto\frontend_repository\src\modules\app\pages\settings\Settings.tsx","226","    if (!emailV.isValid) next.email = emailV.message;"
"C:\Users\sduqu\study\sena\competencias\Proyecto\frontend_repository\src\modules\app\pages\settings\Settings.tsx","231","      if (!taxV.isValid) next.taxId = taxV.message;"
"C:\Users\sduqu\study\sena\competencias\Proyecto\frontend_repository\src\modules\app\pages\settings\Settings.tsx","235","    if (!phoneV.isValid) next.phone = phoneV.message;"
"C:\Users\sduqu\study\sena\competencias\Proyecto\frontend_repository\src\modules\app\pages\settings\Settings.tsx","345","      const message = err instanceof ApiError ? err.message : t(""settings.toast.updateError"");"
"C:\Users\sduqu\study\sena\competencias\Proyecto\frontend_repository\src\modules\app\pages\subscription-management\SubscriptionManagement.tsx","159","          setError(normalizeError(err).message);"
"C:\Users\sduqu\study\sena\competencias\Proyecto\frontend_repository\src\modules\app\pages\subscription-management\SubscriptionManagement.tsx","176","          setError(normalizeError(err).message);"
"C:\Users\sduqu\study\sena\competencias\Proyecto\frontend_repository\src\modules\app\pages\subscription-management\SubscriptionManagement.tsx","187","          setError(normalizeError(err).message);"
"C:\Users\sduqu\study\sena\competencias\Proyecto\frontend_repository\src\modules\app\pages\subscription-management\SubscriptionManagement.tsx","192","      setError(normalized.message);"
"C:\Users\sduqu\study\sena\competencias\Proyecto\frontend_repository\src\modules\app\pages\subscription-management\SubscriptionManagement.tsx","212","      showAlert(""error"", normalizeError(err).message);"
"C:\Users\sduqu\study\sena\competencias\Proyecto\frontend_repository\src\modules\app\pages\subscription-management\SubscriptionManagement.tsx","229","      showAlert(""error"", normalizeError(err).message);"
"C:\Users\sduqu\study\sena\competencias\Proyecto\frontend_repository\src\modules\app\pages\subscription-management\SubscriptionManagement.tsx","248","      showAlert(""error"", normalizeError(err).message);"
"C:\Users\sduqu\study\sena\competencias\Proyecto\frontend_repository\src\modules\app\pages\subscription-management\SubscriptionManagement.tsx","269","        showAlert(""error"", normalizeError(err).message);"
"C:\Users\sduqu\study\sena\competencias\Proyecto\frontend_repository\src\modules\app\pages\subscription-management\SubscriptionManagement.tsx","335","        showAlert(""error"", normalizeError(err).message);"
"C:\Users\sduqu\study\sena\competencias\Proyecto\frontend_repository\src\modules\app\pages\team\EditUserModal.tsx","122","            : validateFirstName(value).message"
"C:\Users\sduqu\study\sena\competencias\Proyecto\frontend_repository\src\modules\app\pages\team\EditUserModal.tsx","125","            : validateLastName(value).message;"
"C:\Users\sduqu\study\sena\competencias\Proyecto\frontend_repository\src\modules\app\pages\team\EditUserModal.tsx","138","          : validateFirstName(value).message"
"C:\Users\sduqu\study\sena\competencias\Proyecto\frontend_repository\src\modules\app\pages\team\EditUserModal.tsx","141","          : validateLastName(value).message;"
"C:\Users\sduqu\study\sena\competencias\Proyecto\frontend_repository\src\modules\app\pages\team\EditUserModal.tsx","165","        firstName: firstErr.isValid ? undefined : firstErr.message,"
"C:\Users\sduqu\study\sena\competencias\Proyecto\frontend_repository\src\modules\app\pages\team\EditUserModal.tsx","166","        firstSurname: lastErr.isValid ? undefined : lastErr.message,"
"C:\Users\sduqu\study\sena\competencias\Proyecto\frontend_repository\src\modules\app\pages\team\EditUserModal.tsx","207","        setFormError(err.message);"
"C:\Users\sduqu\study\sena\competencias\Proyecto\frontend_repository\src\modules\app\pages\team\InviteUserModal.tsx","80","      case ""firstName"": return validateFirstName(value).isValid ? undefined : validateFirstName(value).message;"
"C:\Users\sduqu\study\sena\competencias\Proyecto\frontend_repository\src\modules\app\pages\team\InviteUserModal.tsx","81","      case ""firstSurname"": return validateLastName(value).isValid ? undefined : validateLastName(value).message;"
"C:\Users\sduqu\study\sena\competencias\Proyecto\frontend_repository\src\modules\app\pages\team\InviteUserModal.tsx","82","      case ""email"": return validateEmail(value).isValid ? undefined : validateEmail(value).message;"
"C:\Users\sduqu\study\sena\competencias\Proyecto\frontend_repository\src\modules\app\pages\team\InviteUserModal.tsx","83","      case ""phone"": return validateRequiredPhone(toColombianPhone(value)).isValid ? undefined : validateRequiredPhone(toColombianPhone(value)).message;"
"C:\Users\sduqu\study\sena\competencias\Proyecto\frontend_repository\src\modules\app\pages\team\InviteUserModal.tsx","153","        if (err.code === ""CONFLICT"" || err.message.toLowerCase().includes(""email"")) {"
"C:\Users\sduqu\study\sena\competencias\Proyecto\frontend_repository\src\modules\app\pages\team\InviteUserModal.tsx","154","          setErrors((prev) => ({ ...prev, email: err.message }));"
"C:\Users\sduqu\study\sena\competencias\Proyecto\frontend_repository\src\modules\app\pages\team\InviteUserModal.tsx","157","        setFormError(err.message);"
"C:\Users\sduqu\study\sena\competencias\Proyecto\frontend_repository\src\modules\app\pages\team\Team.tsx","152","              ? err.message"
"C:\Users\sduqu\study\sena\competencias\Proyecto\frontend_repository\src\modules\app\pages\transfers\TransferModals.tsx","418","          ? err.message"
"C:\Users\sduqu\study\sena\competencias\Proyecto\frontend_repository\src\modules\app\pages\transfers\TransferModals.tsx","706","          ? err.message"
"C:\Users\sduqu\study\sena\competencias\Proyecto\frontend_repository\src\modules\app\pages\transfers\TransferModals.tsx","962","          ? err.message"
"C:\Users\sduqu\study\sena\competencias\Proyecto\frontend_repository\src\modules\app\pages\transfers\TransferModals.tsx","1607","          ? err.message"
"C:\Users\sduqu\study\sena\competencias\Proyecto\frontend_repository\src\modules\app\pages\transfers\TransferRequests.tsx","183","          ? err.message"
"C:\Users\sduqu\study\sena\competencias\Proyecto\frontend_repository\src\modules\app\pages\transfers\TransferRequests.tsx","207","          ? err.message"
"C:\Users\sduqu\study\sena\competencias\Proyecto\frontend_repository\src\modules\app\pages\transfers\TransferRequests.tsx","247","          ? err.message"
"C:\Users\sduqu\study\sena\competencias\Proyecto\frontend_repository\src\modules\app\pages\transfers\TransferRequests.tsx","270","          ? err.message"
"C:\Users\sduqu\study\sena\competencias\Proyecto\frontend_repository\src\modules\super-admin\components\SuperAdminSidebar.tsx","88","      const message = error instanceof ApiError ? error.message : t(""common.loggingOut"");"
"C:\Users\sduqu\study\sena\competencias\Proyecto\frontend_repository\src\modules\super-admin\pages\OrganizationManagement.tsx","69","      setError(normalized.message);"
"C:\Users\sduqu\study\sena\competencias\Proyecto\frontend_repository\src\modules\super-admin\pages\OrganizationManagement.tsx","183","        showAlert(""error"", normalizeError(err).message);"
"C:\Users\sduqu\study\sena\competencias\Proyecto\frontend_repository\src\modules\super-admin\pages\SalesOverview.tsx","78","      setError(normalized.message);"
"C:\Users\sduqu\study\sena\competencias\Proyecto\frontend_repository\src\modules\super-admin\pages\SubscriptionManagement.tsx","208","      setError(normalizeError(err).message);"
"C:\Users\sduqu\study\sena\competencias\Proyecto\frontend_repository\src\modules\super-admin\pages\SubscriptionManagement.tsx","293","    if (!r.isValid) errors.plan = r.message;"
"C:\Users\sduqu\study\sena\competencias\Proyecto\frontend_repository\src\modules\super-admin\pages\SubscriptionManagement.tsx","298","    if (!r.isValid) errors.displayName = r.message;"
"C:\Users\sduqu\study\sena\competencias\Proyecto\frontend_repository\src\modules\super-admin\pages\SubscriptionManagement.tsx","303","    if (!r.isValid) errors.description = r.message;"
"C:\Users\sduqu\study\sena\competencias\Proyecto\frontend_repository\src\modules\super-admin\pages\SubscriptionManagement.tsx","308","    if (!r.isValid) errors.baseCost = r.message;"
"C:\Users\sduqu\study\sena\competencias\Proyecto\frontend_repository\src\modules\super-admin\pages\SubscriptionManagement.tsx","313","    if (!r.isValid) errors.pricePerSeat = r.message;"
"C:\Users\sduqu\study\sena\competencias\Proyecto\frontend_repository\src\modules\super-admin\pages\SubscriptionManagement.tsx","318","    if (!r.isValid) errors.maxSeats = r.message;"
"C:\Users\sduqu\study\sena\competencias\Proyecto\frontend_repository\src\modules\super-admin\pages\SubscriptionManagement.tsx","323","    if (!r.isValid) errors.maxCatalogItems = r.message;"
"C:\Users\sduqu\study\sena\competencias\Proyecto\frontend_repository\src\modules\super-admin\pages\SubscriptionManagement.tsx","328","    if (!r.isValid) errors.durationDays = r.message;"
"C:\Users\sduqu\study\sena\competencias\Proyecto\frontend_repository\src\modules\super-admin\pages\SubscriptionManagement.tsx","337","    if (!r.isValid) errors.sortOrder = r.message;"
"C:\Users\sduqu\study\sena\competencias\Proyecto\frontend_repository\src\modules\super-admin\pages\SubscriptionManagement.tsx","342","    if (!r.isValid) errors.stripePriceIdBase = r.message;"
"C:\Users\sduqu\study\sena\competencias\Proyecto\frontend_repository\src\modules\super-admin\pages\SubscriptionManagement.tsx","347","    if (!r.isValid) errors.stripePriceIdSeat = r.message;"
"C:\Users\sduqu\study\sena\competencias\Proyecto\frontend_repository\src\modules\super-admin\pages\SubscriptionManagement.tsx","493","      setError(normalized.message);"
"C:\Users\sduqu\study\sena\competencias\Proyecto\frontend_repository\src\modules\super-admin\pages\SubscriptionManagement.tsx","664","      showError(normalized.message);"
"C:\Users\sduqu\study\sena\competencias\Proyecto\frontend_repository\src\modules\super-admin\pages\SubscriptionManagement.tsx","734","      showError(normalized.message);"
"C:\Users\sduqu\study\sena\competencias\Proyecto\frontend_repository\src\modules\super-admin\pages\SubscriptionManagement.tsx","765","      showError(normalized.message);"
"C:\Users\sduqu\study\sena\competencias\Proyecto\frontend_repository\src\modules\super-admin\pages\SubscriptionManagement.tsx","786","      showError(normalized.message);"
"C:\Users\sduqu\study\sena\competencias\Proyecto\frontend_repository\src\modules\super-admin\pages\SystemSettings.tsx","254","        setPasswordError(err.message);"
"C:\Users\sduqu\study\sena\competencias\Proyecto\frontend_repository\src\modules\super-admin\pages\UserManagement.tsx","67","      setError(normalized.message);"
"C:\Users\sduqu\study\sena\competencias\Proyecto\frontend_repository\src\modules\super-admin\pages\UserManagement.tsx","164","        showAlert(""error"", normalizeError(err).message);"
"C:\Users\sduqu\study\sena\competencias\Proyecto\frontend_repository\src\pages\AcceptInvite.tsx","69","        mapValidationMessage(passwordValidation.message) ||"
"C:\Users\sduqu\study\sena\competencias\Proyecto\frontend_repository\src\pages\AcceptInvite.tsx","100","          ? err.message"
"C:\Users\sduqu\study\sena\competencias\Proyecto\frontend_repository\src\pages\Checkout.tsx","64","          setError(err instanceof ApiError ? err.message : ""Failed to load plan details."");"
"C:\Users\sduqu\study\sena\competencias\Proyecto\frontend_repository\src\pages\Checkout.tsx","155","        err instanceof ApiError ? err.message : ""Unable to initiate checkout. Please try again."","
"C:\Users\sduqu\study\sena\competencias\Proyecto\frontend_repository\src\pages\EmailVerification.tsx","113","        mapValidationMessage(validation.message) ||"
"C:\Users\sduqu\study\sena\competencias\Proyecto\frontend_repository\src\pages\EmailVerification.tsx","143","        setError(err.message);"
"C:\Users\sduqu\study\sena\competencias\Proyecto\frontend_repository\src\pages\footer\AboutPage.tsx","18","      {error && <p className=""text-sm text-red-400"">{error.message}</p>}"
"C:\Users\sduqu\study\sena\competencias\Proyecto\frontend_repository\src\pages\footer\BillingPage.tsx","37","            : error.message}"
"C:\Users\sduqu\study\sena\competencias\Proyecto\frontend_repository\src\pages\footer\BlogPage.tsx","23","      {error && <p className=""text-sm text-red-400"">{error.message}</p>}"
"C:\Users\sduqu\study\sena\competencias\Proyecto\frontend_repository\src\pages\footer\BusinessPage.tsx","18","      {error && <p className=""text-sm text-red-400"">{error.message}</p>}"
"C:\Users\sduqu\study\sena\competencias\Proyecto\frontend_repository\src\pages\footer\ContactPage.tsx","22","      {error && <p className=""text-sm text-red-400"">{error.message}</p>}"
"C:\Users\sduqu\study\sena\competencias\Proyecto\frontend_repository\src\pages\footer\PricingPage.tsx","28","      {error && <p className=""text-sm text-red-400"">{error.message}</p>}"
"C:\Users\sduqu\study\sena\competencias\Proyecto\frontend_repository\src\pages\footer\WhatsNewPage.tsx","22","      {error && <p className=""text-sm text-red-400"">{error.message}</p>}"
"C:\Users\sduqu\study\sena\competencias\Proyecto\frontend_repository\src\pages\Login.tsx","46","      setError(validation.message || (isEs ? ""Validacion fallida"" : ""Validation failed""));"
"C:\Users\sduqu\study\sena\competencias\Proyecto\frontend_repository\src\pages\Login.tsx","70","          ? err.message"
"C:\Users\sduqu\study\sena\competencias\Proyecto\frontend_repository\src\pages\Login.tsx","211","                      setErrorFor(""email"", res.isValid ? undefined : res.message);"
"C:\Users\sduqu\study\sena\competencias\Proyecto\frontend_repository\src\pages\Login.tsx","215","                      setErrorFor(""email"", res.isValid ? undefined : res.message);"
"C:\Users\sduqu\study\sena\competencias\Proyecto\frontend_repository\src\pages\LoginOtp.tsx","160","            message: err.message || t(""publicSite.login.otp.error.generic""),"
"C:\Users\sduqu\study\sena\competencias\Proyecto\frontend_repository\src\pages\LoginOtp.tsx","450","                    <p className=""text-red-400 text-sm font-medium"">{error.message}</p>"
"C:\Users\sduqu\study\sena\competencias\Proyecto\frontend_repository\src\pages\LoginOtp.tsx","596","                    <p className=""text-red-400 text-sm font-medium"">{error.message}</p>"
"C:\Users\sduqu\study\sena\competencias\Proyecto\frontend_repository\src\pages\Packages.tsx","352","              ? err2.message"
"C:\Users\sduqu\study\sena\competencias\Proyecto\frontend_repository\src\pages\PasswordRecovery.tsx","54","        mapValidationMessage(emailValidation.message) ||"
"C:\Users\sduqu\study\sena\competencias\Proyecto\frontend_repository\src\pages\PasswordRecovery.tsx","74","          ? err.message"
"C:\Users\sduqu\study\sena\competencias\Proyecto\frontend_repository\src\pages\PasswordRecovery.tsx","89","        mapValidationMessage(codeValidation.message) ||"
"C:\Users\sduqu\study\sena\competencias\Proyecto\frontend_repository\src\pages\PasswordRecovery.tsx","106","          ? err.message"
"C:\Users\sduqu\study\sena\competencias\Proyecto\frontend_repository\src\pages\PasswordRecovery.tsx","121","        mapValidationMessage(passwordValidation.message) ||"
"C:\Users\sduqu\study\sena\competencias\Proyecto\frontend_repository\src\pages\PasswordRecovery.tsx","146","          ? err.message"
"C:\Users\sduqu\study\sena\competencias\Proyecto\frontend_repository\src\pages\PasswordRecovery.tsx","171","          ? err.message"
"C:\Users\sduqu\study\sena\competencias\Proyecto\frontend_repository\src\pages\SignUp.tsx","579","      if (!firstNameValidation.isValid && firstNameValidation.message) {"
"C:\Users\sduqu\study\sena\competencias\Proyecto\frontend_repository\src\pages\SignUp.tsx","580","        validationErrors.firstName = firstNameValidation.message;"
"C:\Users\sduqu\study\sena\competencias\Proyecto\frontend_repository\src\pages\SignUp.tsx","584","      if (!lastNameValidation.isValid && lastNameValidation.message) {"
"C:\Users\sduqu\study\sena\competencias\Proyecto\frontend_repository\src\pages\SignUp.tsx","585","        validationErrors.lastName = lastNameValidation.message;"
"C:\Users\sduqu\study\sena\competencias\Proyecto\frontend_repository\src\pages\SignUp.tsx","589","      if (!ownerEmailValidation.isValid && ownerEmailValidation.message) {"
"C:\Users\sduqu\study\sena\competencias\Proyecto\frontend_repository\src\pages\SignUp.tsx","590","        validationErrors.ownerEmail = ownerEmailValidation.message;"
"C:\Users\sduqu\study\sena\competencias\Proyecto\frontend_repository\src\pages\SignUp.tsx","594","      if (!ownerPhoneValidation.isValid && ownerPhoneValidation.message) {"
"C:\Users\sduqu\study\sena\competencias\Proyecto\frontend_repository\src\pages\SignUp.tsx","595","        validationErrors.ownerPhone = ownerPhoneValidation.message;"
"C:\Users\sduqu\study\sena\competencias\Proyecto\frontend_repository\src\pages\SignUp.tsx","599","      if (!organizationNameValidation.isValid && organizationNameValidation.message) {"
"C:\Users\sduqu\study\sena\competencias\Proyecto\frontend_repository\src\pages\SignUp.tsx","600","        validationErrors.organizationName = organizationNameValidation.message;"
"C:\Users\sduqu\study\sena\competencias\Proyecto\frontend_repository\src\pages\SignUp.tsx","604","      if (!legalNameValidation.isValid && legalNameValidation.message) {"
"C:\Users\sduqu\study\sena\competencias\Proyecto\frontend_repository\src\pages\SignUp.tsx","605","        validationErrors.legalName = legalNameValidation.message;"
"C:\Users\sduqu\study\sena\competencias\Proyecto\frontend_repository\src\pages\SignUp.tsx","609","      if (!taxIdValidation.isValid && taxIdValidation.message) {"
"C:\Users\sduqu\study\sena\competencias\Proyecto\frontend_repository\src\pages\SignUp.tsx","610","        validationErrors.taxId = taxIdValidation.message;"
"C:\Users\sduqu\study\sena\competencias\Proyecto\frontend_repository\src\pages\SignUp.tsx","614","      if (!organizationEmailValidation.isValid && organizationEmailValidation.message) {"
"C:\Users\sduqu\study\sena\competencias\Proyecto\frontend_repository\src\pages\SignUp.tsx","615","        validationErrors.organizationEmail = organizationEmailValidation.message;"
"C:\Users\sduqu\study\sena\competencias\Proyecto\frontend_repository\src\pages\SignUp.tsx","630","        if (!organizationPhoneValidation.isValid && organizationPhoneValidation.message) {"
"C:\Users\sduqu\study\sena\competencias\Proyecto\frontend_repository\src\pages\SignUp.tsx","631","          validationErrors.organizationPhone = organizationPhoneValidation.message;"
"C:\Users\sduqu\study\sena\competencias\Proyecto\frontend_repository\src\pages\SignUp.tsx","642","      if (!mainValidation.isValid && mainValidation.message) {"
"C:\Users\sduqu\study\sena\competencias\Proyecto\frontend_repository\src\pages\SignUp.tsx","643","        validationErrors.mainNumber = mainValidation.message;"
"C:\Users\sduqu\study\sena\competencias\Proyecto\frontend_repository\src\pages\SignUp.tsx","650","      if (!secondaryValidation.isValid && secondaryValidation.message) {"
"C:\Users\sduqu\study\sena\competencias\Proyecto\frontend_repository\src\pages\SignUp.tsx","651","        validationErrors.secondaryNumber = secondaryValidation.message;"
"C:\Users\sduqu\study\sena\competencias\Proyecto\frontend_repository\src\pages\SignUp.tsx","658","      if (!complementaryValidation.isValid && complementaryValidation.message) {"
"C:\Users\sduqu\study\sena\competencias\Proyecto\frontend_repository\src\pages\SignUp.tsx","659","        validationErrors.complementaryNumber = complementaryValidation.message;"
"C:\Users\sduqu\study\sena\competencias\Proyecto\frontend_repository\src\pages\SignUp.tsx","680","      if (!stateValidation.isValid && stateValidation.message) {"
"C:\Users\sduqu\study\sena\competencias\Proyecto\frontend_repository\src\pages\SignUp.tsx","681","        validationErrors.stateQuery = stateValidation.message;"
"C:\Users\sduqu\study\sena\competencias\Proyecto\frontend_repository\src\pages\SignUp.tsx","698","        if (!postalValidation.isValid && postalValidation.message) {"
"C:\Users\sduqu\study\sena\competencias\Proyecto\frontend_repository\src\pages\SignUp.tsx","699","          validationErrors.postalCode = postalValidation.message;"
"C:\Users\sduqu\study\sena\competencias\Proyecto\frontend_repository\src\pages\SignUp.tsx","704","      if (!passwordValidation.isValid && passwordValidation.message) {"
"C:\Users\sduqu\study\sena\competencias\Proyecto\frontend_repository\src\pages\SignUp.tsx","705","        validationErrors.password = passwordValidation.message;"
"C:\Users\sduqu\study\sena\competencias\Proyecto\frontend_repository\src\pages\SignUp.tsx","715","        if (!confirmPasswordValidation.isValid && confirmPasswordValidation.message) {"
"C:\Users\sduqu\study\sena\competencias\Proyecto\frontend_repository\src\pages\SignUp.tsx","716","          validationErrors.confirmPassword = confirmPasswordValidation.message;"
"C:\Users\sduqu\study\sena\competencias\Proyecto\frontend_repository\src\pages\SignUp.tsx","1017","            const msg = e.message ?? (isEs ? ""Error de validacion"" : ""Validation error"");"
"C:\Users\sduqu\study\sena\competencias\Proyecto\frontend_repository\src\pages\SignUp.tsx","1047","                .map((x) => x.message)"
"C:\Users\sduqu\study\sena\competencias\Proyecto\frontend_repository\src\pages\SignUp.tsx","1050","          setError(combined || err.message);"
"C:\Users\sduqu\study\sena\competencias\Proyecto\frontend_repository\src\pages\SignUp.tsx","1060","          setError(detailsMsg ?? err.message);"
